{"cameraMode":{"drawMode":0,"name":"Shaded","section":"Shading Mode"},"sceneLighting":false,"audioPlay":false,"sceneViewState":{"showFog":true,"showMaterialUpdate":false,"showSkybox":false,"showFlares":true,"showImageEffects":true,"showParticleSystems":true},"in2DMode":false,"pivot":{"x":1483.6500244140625,"y":886.2224731445313,"z":0.0},"rotation":{"x":0.026683880016207696,"y":0.024859171360731126,"z":-0.0009611813584342599,"w":0.9994411468505859},"size":7610.3671875,"orthographic":true}