{"cameraMode":{"drawMode":0,"name":"Shaded","section":"Shading Mode"},"sceneLighting":false,"audioPlay":false,"sceneViewState":{"showFog":true,"showMaterialUpdate":false,"showSkybox":false,"showFlares":true,"showImageEffects":true,"showParticleSystems":true},"in2DMode":false,"pivot":{"x":545.576904296875,"y":1074.7281494140625,"z":52.29608154296875},"rotation":{"x":0.026683880016207696,"y":0.024859171360731126,"z":-0.0009611813584342599,"w":0.9994411468505859},"size":22.0,"orthographic":true}