{"cameraMode":{"drawMode":0,"name":"Shaded","section":"Shading Mode"},"sceneLighting":false,"audioPlay":false,"sceneViewState":{"showFog":true,"showMaterialUpdate":false,"showSkybox":false,"showFlares":true,"showImageEffects":true,"showParticleSystems":true},"in2DMode":false,"pivot":{"x":956.7252807617188,"y":987.2254638671875,"z":154.6872100830078},"rotation":{"x":-0.028201786801218988,"y":0.00007147275755414739,"z":0.0005457877996377647,"w":-0.9998090267181397},"size":10.0,"orthographic":false}