{"cameraMode":{"drawMode":0,"name":"Shaded","section":"Shading Mode"},"sceneLighting":true,"audioPlay":false,"sceneViewState":{"showFog":true,"showMaterialUpdate":false,"showSkybox":true,"showFlares":true,"showImageEffects":true,"showParticleSystems":true},"in2DMode":false,"pivot":{"x":-3.054293155670166,"y":3.7321560382843019,"z":-0.34214740991592409},"rotation":{"x":0.022237706929445268,"y":-0.1523687243461609,"z":0.003421597182750702,"w":0.9880866408348084},"size":2.3127875328063967,"orthographic":false}