{"cameraMode":{"drawMode":0,"name":"Shaded","section":"Shading Mode"},"sceneLighting":false,"audioPlay":false,"sceneViewState":{"showFog":true,"showMaterialUpdate":false,"showSkybox":false,"showFlares":true,"showImageEffects":true,"showParticleSystems":true},"in2DMode":false,"pivot":{"x":-2.059999942779541,"y":6.691600322723389,"z":0.09999999403953552},"rotation":{"x":-0.13669557869434358,"y":0.2982981503009796,"z":-0.042774926871061328,"w":-0.9438554644584656},"size":1.8254384994506837,"orthographic":true}