{"cameraMode":{"drawMode":0,"name":"Shaded","section":"Shading Mode"},"sceneLighting":true,"audioPlay":false,"sceneViewState":{"showFog":true,"showMaterialUpdate":false,"showSkybox":true,"showFlares":true,"showImageEffects":true,"showParticleSystems":true},"in2DMode":false,"pivot":{"x":-1.139350175857544,"y":6.374989986419678,"z":0.598105251789093},"rotation":{"x":0.06564156711101532,"y":0.018812546506524087,"z":-0.001593325287103653,"w":0.9977748394012451},"size":4.787208080291748,"orthographic":true}