{"cameraMode":{"drawMode":0,"name":"Shaded","section":"Shading Mode"},"sceneLighting":true,"audioPlay":false,"sceneViewState":{"showFog":true,"showMaterialUpdate":false,"showSkybox":true,"showFlares":true,"showImageEffects":true,"showParticleSystems":true},"in2DMode":false,"pivot":{"x":-3.1862804889678957,"y":4.096076011657715,"z":0.693115234375},"rotation":{"x":0.007486280985176563,"y":-0.06295830011367798,"z":0.00046762116835452616,"w":0.9980051517486572},"size":11.1332368850708,"orthographic":false}