{"cameraMode":{"drawMode":0,"name":"Shaded","section":"Shading Mode"},"sceneLighting":false,"audioPlay":false,"sceneViewState":{"showFog":true,"showMaterialUpdate":false,"showSkybox":false,"showFlares":true,"showImageEffects":true,"showParticleSystems":true},"in2DMode":false,"pivot":{"x":1.4887025356292725,"y":2.351412296295166,"z":-2.520263671875},"rotation":{"x":0.026683880016207696,"y":0.024859171360731126,"z":-0.0009611813584342599,"w":0.9994411468505859},"size":2.025169610977173,"orthographic":true}