{"cameraMode":{"drawMode":0,"name":"Shaded","section":"Shading Mode"},"sceneLighting":false,"audioPlay":false,"sceneViewState":{"showFog":true,"showMaterialUpdate":false,"showSkybox":false,"showFlares":true,"showImageEffects":true,"showParticleSystems":true},"in2DMode":false,"pivot":{"x":-0.08612075448036194,"y":8.97127914428711,"z":-0.11699999868869782},"rotation":{"x":0.07162962853908539,"y":0.01730753295123577,"z":-0.0015862368745729328,"w":0.9973906874656677},"size":7.628881454467773,"orthographic":true}