{"cameraMode":{"drawMode":0,"name":"Shaded","section":"Shading Mode"},"sceneLighting":false,"audioPlay":false,"sceneViewState":{"showFog":true,"showMaterialUpdate":false,"showSkybox":false,"showFlares":true,"showImageEffects":true,"showParticleSystems":true},"in2DMode":false,"pivot":{"x":-1.8400001525878907,"y":3.8400001525878908,"z":-1.502092957496643},"rotation":{"x":0.01499972678720951,"y":0.0053973631002008919,"z":-0.00008895097562344745,"w":0.9998931288719177},"size":29.745798110961915,"orthographic":false}