{"cameraMode":{"drawMode":0,"name":"Shaded","section":"Shading Mode"},"sceneLighting":false,"audioPlay":false,"sceneViewState":{"showFog":true,"showMaterialUpdate":false,"showSkybox":false,"showFlares":true,"showImageEffects":true,"showParticleSystems":true},"in2DMode":false,"pivot":{"x":-0.010952449403703213,"y":0.011321932077407837,"z":-0.004026426933705807},"rotation":{"x":0.07342591881752014,"y":0.015854831784963609,"z":-0.001178364735096693,"w":0.9971926808357239},"size":0.21533319354057313,"orthographic":false}