{"cameraMode":{"drawMode":0,"name":"Shaded","section":"Shading Mode"},"sceneLighting":true,"audioPlay":false,"sceneViewState":{"showFog":true,"showMaterialUpdate":false,"showSkybox":true,"showFlares":true,"showImageEffects":true,"showParticleSystems":true},"in2DMode":false,"pivot":{"x":-0.1887747049331665,"y":0.9253082275390625,"z":6.041523456573486},"rotation":{"x":0.07905541360378266,"y":0.09495283663272858,"z":-0.007565192878246307,"w":0.9923124313354492},"size":13.913839340209961,"orthographic":false}